Product name,Название товара,Цена товара,Наличие
Active Jellyfish Sleeping Cream Prime,Маска ночная увлажняющая с медузой,2080,Есть в наличии
Apple AC Therapy Sleeping Pack,Маска для проблемной кожи,1300,Есть в наличии
Black Snail Prestige Sleeping Pack,Маска ночная для лица с муцином черной улитки,1580,Есть в наличии
Cica Farm Night Repair Sleeping Mask,Ночная маска в саше с центеллой азиатской,1800,Есть в наличии
Cica Sleeping Mask,Ночная успокаивающая маска,5000,Есть в наличии
Cica Sleeping Mask mini,Ночная успокаивающая маска 10мл,400,Есть в наличии
Collagen Water Full Moist Sleeping Mask,Ночная маска в саше с коллагеном,1800,Есть в наличии
Cream Pack Tomato,Крем-маска с экстрактом томата,7110,Есть в наличии
C’BON Concentrate Plus Night Serum (pack),Ночной серум Концентрат Плюс (маска),36122,Есть в наличии
Diamond Overnight Mask,Ночной крем-маска для лица алмазный,6110,Есть в наличии
Diamond Water Sleeping Pack,Увлажняющая ночная маска с алмазной пудрой и гиалуроновой кислотой,1570,Есть в наличии
Enjoy Mini Sleeping Pack,Ночная маска для лица,1610,Есть в наличии
Fresh Mate Mask (Brightening Milk Sleeping),"Ночная маска, выравнивающая тон кожи с молочными протеинами",750,Есть в наличии
Fresh Mate Mask (Calming Tea Tree Sleeping),"Ночная маска, успокаивающая с маслом чайного дерева",750,Есть в наличии
Fresh Mate Mask (Hydrating Basil Sleeping),"Ночная маска, увлажняющая с экстрактом базилика и баобаба ",750,Есть в наличии
Good Night Firming Sleeping Mask,Укрепляющая ночная маска с био-пептидами,3020,Есть в наличии
Good Night Vital Hydra Sleeping Mask,Ультраувлажняющая ночная маска с гиалуроновой кислотой,3150,Есть в наличии
Good Night Water Sleeping Mask,Увлажняющая ночная маска,1580,Есть в наличии
Good Night White Sleeping Mask (Tube),Ночная осветляющая маска для лица,960,Есть в наличии
Good Night Wrinkle Care Sleeping Mask,Антивозрастная ночная маска с увлажняющим эффектом,2500,Есть в наличии
Lemon Whitening Sleeping Pack,Маска отбеливающая,1300,Есть в наличии
Madecassoside Sleeping Mask,Ночная маска с мадекассосидом,2180,Есть в наличии
Mashed Potato Pack,Ночная картофельная маска,1050,Есть в наличии
Mask Zone Cream,SOS-маска против воспалений и раздражения на лице,3380,Есть в наличии
